<annotation>
	<folder>image_output</folder>
	<filename>11.jpg</filename>
	<path>/Users/ouyouimouto/Documents/PhD/machine_learning/object detection/made my home dataset/step_2_generate_more_pictures/image_output/11.jpg</path>
	<source>
		<database>Unknown</database>
	</source>
	<size>
		<width>1206</width>
		<height>746</height>
		<depth>3</depth>
	</size>
	<segmented>0</segmented>
	<object>
		<name>Bubbles</name>
		<pose>Unspecified</pose>
		<truncated>0</truncated>
		<difficult>0</difficult>
		<bndbox>
			<xmin>451</xmin>
			<ymin>457</ymin>
			<xmax>560</xmax>
			<ymax>541</ymax>
		</bndbox>
	</object>
	<object>
		<name>Bubbles</name>
		<pose>Unspecified</pose>
		<truncated>0</truncated>
		<difficult>0</difficult>
		<bndbox>
			<xmin>468</xmin>
			<ymin>553</ymin>
			<xmax>671</xmax>
			<ymax>626</ymax>
		</bndbox>
	</object>
</annotation>
