<annotation>
	<folder>image_output</folder>
	<filename>04.jpg</filename>
	<path>/Users/ouyouimouto/Documents/PhD/machine_learning/object detection/made my home dataset/step_2_generate_more_pictures/image_output/04.jpg</path>
	<source>
		<database>Unknown</database>
	</source>
	<size>
		<width>1206</width>
		<height>746</height>
		<depth>3</depth>
	</size>
	<segmented>0</segmented>
	<object>
		<name>Bubbles</name>
		<pose>Unspecified</pose>
		<truncated>0</truncated>
		<difficult>0</difficult>
		<bndbox>
			<xmin>446</xmin>
			<ymin>446</ymin>
			<xmax>553</xmax>
			<ymax>529</ymax>
		</bndbox>
	</object>
	<object>
		<name>Bubbles</name>
		<pose>Unspecified</pose>
		<truncated>0</truncated>
		<difficult>0</difficult>
		<bndbox>
			<xmin>503</xmin>
			<ymin>535</ymin>
			<xmax>641</xmax>
			<ymax>630</ymax>
		</bndbox>
	</object>
	<object>
		<name>Bubbles</name>
		<pose>Unspecified</pose>
		<truncated>0</truncated>
		<difficult>0</difficult>
		<bndbox>
			<xmin>649</xmin>
			<ymin>411</ymin>
			<xmax>721</xmax>
			<ymax>458</ymax>
		</bndbox>
	</object>
</annotation>
