<annotation>
	<folder>image_output</folder>
	<filename>00.jpg</filename>
	<path>/Users/ouyouimouto/Documents/PhD/machine_learning/object detection/made my home dataset/step_2_generate_more_pictures/image_output/00.jpg</path>
	<source>
		<database>Unknown</database>
	</source>
	<size>
		<width>1206</width>
		<height>746</height>
		<depth>3</depth>
	</size>
	<segmented>0</segmented>
	<object>
		<name>Bubbles</name>
		<pose>Unspecified</pose>
		<truncated>0</truncated>
		<difficult>0</difficult>
		<bndbox>
			<xmin>423</xmin>
			<ymin>444</ymin>
			<xmax>595</xmax>
			<ymax>557</ymax>
		</bndbox>
	</object>
	<object>
		<name>Bubbles</name>
		<pose>Unspecified</pose>
		<truncated>0</truncated>
		<difficult>0</difficult>
		<bndbox>
			<xmin>484</xmin>
			<ymin>565</ymin>
			<xmax>660</xmax>
			<ymax>622</ymax>
		</bndbox>
	</object>
</annotation>
