<annotation>
	<folder>image_output</folder>
	<filename>10.jpg</filename>
	<path>/Users/ouyouimouto/Documents/PhD/machine_learning/object detection/made my home dataset/step_2_generate_more_pictures/image_output/10.jpg</path>
	<source>
		<database>Unknown</database>
	</source>
	<size>
		<width>1206</width>
		<height>746</height>
		<depth>3</depth>
	</size>
	<segmented>0</segmented>
	<object>
		<name>Bubbles</name>
		<pose>Unspecified</pose>
		<truncated>0</truncated>
		<difficult>0</difficult>
		<bndbox>
			<xmin>438</xmin>
			<ymin>460</ymin>
			<xmax>641</xmax>
			<ymax>578</ymax>
		</bndbox>
	</object>
</annotation>
